id,first_name,last_name,email,gender,ip_address
1,Gery,Mulvenna,gmulvenna0@typepad.com,Male,157.240.248.7
2,Sidoney,McNelly,smcnelly1@seattletimes.com,Female,250.109.83.41
3,Waylan,Costelow,wcostelow2@ibm.com,Male,225.83.88.102
4,Ulysses,Pickersgill,upickersgill3@woothemes.com,Bigender,8.136.183.86
5,Saunders,O'Carrol,socarrol4@chron.com,Male,108.9.164.161
6,Rowan,Scandwright,rscandwright5@businessweek.com,Non-binary,195.8.108.147
7,Prentice,Beaby,pbeaby6@ning.com,Male,51.235.60.20
8,Sondra,Shimmans,sshimmans7@slideshare.net,Female,246.79.169.132
9,Averil,Gress,agress8@mapy.cz,Male,163.31.135.254
10,Tann,Marde,tmarde9@purevolume.com,Male,118.237.98.180
11,Penelope,Aland,palanda@usda.gov,Female,179.180.3.48
12,Alane,Anger,aangerb@mysql.com,Female,63.158.175.40
13,Blakeley,Yanez,byanezc@nydailynews.com,Female,52.71.122.246
14,Maurene,Mathieu,mmathieud@icio.us,Female,215.253.113.231
15,Tersina,Stienton,tstientone@studiopress.com,Female,163.117.93.127
16,Alvinia,Pietzker,apietzkerf@friendfeed.com,Female,82.161.0.251
17,Brooke,Cady,bcadyg@geocities.com,Male,56.166.188.207
18,Darcee,Samwaye,dsamwayeh@icq.com,Female,107.89.178.229
19,Addy,Halwell,ahalwelli@yahoo.co.jp,Agender,61.237.14.150
20,Judie,Freeburn,jfreeburnj@hao123.com,Female,255.179.114.111
21,Meridel,Downage,mdownagek@oakley.com,Female,39.99.248.107
22,Anastassia,Kilgallon,akilgallonl@google.com.au,Female,131.238.94.73
23,Merrick,Lackington,mlackingtonm@cyberchimps.com,Male,96.154.133.60
24,Kele,Twine,ktwinen@ow.ly,Male,23.150.123.161
25,Wallache,Wethered,wwetheredo@deliciousdays.com,Male,64.222.163.11
26,Pandora,Braun,pbraunp@techcrunch.com,Female,156.189.100.241
27,Keefer,Lethem,klethemq@geocities.jp,Male,156.57.90.32
28,Lin,Hebard,lhebardr@posterous.com,Male,142.247.161.212
29,Matty,Shanley,mshanleys@ebay.com,Female,238.21.233.95
30,Kerianne,Roland,krolandt@ucoz.com,Female,217.202.197.26
31,Spenser,Veel,sveelu@zdnet.com,Male,107.78.157.224
32,Benedetta,Robert,brobertv@mysql.com,Female,230.106.195.130
33,Tasia,Brimilcombe,tbrimilcombew@who.int,Female,154.90.6.18
34,Johannah,Fillary,jfillaryx@sfgate.com,Genderqueer,31.191.98.163
35,Den,Dissman,ddissmany@unicef.org,Male,95.145.204.125
36,Ernst,Caselli,ecaselliz@slideshare.net,Male,9.114.42.212
37,Therese,Brastead,tbrastead10@qq.com,Female,76.104.225.157
38,Gillie,Morsley,gmorsley11@businesswire.com,Female,29.30.162.95
39,Omero,Leyzell,oleyzell12@icq.com,Male,46.172.207.63
40,Aldous,Byres,abyres13@blog.com,Male,107.242.178.80
41,Maddie,Blasius,mblasius14@techcrunch.com,Male,57.189.150.207
42,Pat,Gluyas,pgluyas15@umn.edu,Male,46.223.107.213
43,Arabella,Tumility,atumility16@dailymotion.com,Female,39.226.78.149
44,Fayre,Stackbridge,fstackbridge17@newyorker.com,Female,223.210.116.17
45,Winna,Brideau,wbrideau18@theglobeandmail.com,Female,49.145.245.252
46,Scotti,Carlo,scarlo19@who.int,Male,219.206.0.19
47,Thia,Desson,tdesson1a@goo.ne.jp,Female,251.71.251.111
48,Hortense,Priver,hpriver1b@t.co,Female,38.199.24.19
49,Quincy,Selbach,qselbach1c@tiny.cc,Male,241.126.241.201
50,Arly,Barstowk,abarstowk1d@mozilla.com,Female,211.129.251.66
51,Hurley,Burbidge,hburbidge1e@clickbank.net,Male,230.113.86.143
52,Tabina,Swaffer,tswaffer1f@jugem.jp,Female,153.184.106.136
53,Shara,Attaway,sattaway1g@nytimes.com,Female,30.222.136.9
54,Stace,Braunlein,sbraunlein1h@nature.com,Female,129.39.113.170
55,Theresa,Hook,thook1i@edublogs.org,Female,21.106.35.98
56,Valencia,Francomb,vfrancomb1j@mediafire.com,Female,244.99.230.46
57,Mikkel,Fernandes,mfernandes1k@fema.gov,Male,127.21.194.135
58,Jarvis,Durnford,jdurnford1l@redcross.org,Male,214.52.154.77
59,Joanie,Amsden,jamsden1m@comcast.net,Polygender,9.10.84.247
60,Laurene,Gorring,lgorring1n@wordpress.org,Female,87.5.37.139
61,Darius,Slainey,dslainey1o@gravatar.com,Male,125.216.160.103
62,Court,Togher,ctogher1p@dedecms.com,Male,40.215.115.253
63,Serena,Nail,snail1q@xing.com,Female,124.113.202.113
64,Obed,Whaites,owhaites1r@qq.com,Male,223.160.113.31
65,Ethe,Lippett,elippett1s@e-recht24.de,Polygender,1.246.59.38
66,Alejandrina,Balsdon,abalsdon1t@tmall.com,Genderqueer,68.231.1.170
67,Free,Fleckness,ffleckness1u@paypal.com,Male,7.152.138.196
68,Davidson,Trazzi,dtrazzi1v@yahoo.com,Male,161.95.141.252
69,Ingra,Shovelin,ishovelin1w@123-reg.co.uk,Male,94.75.106.44
70,Fara,Giacomazzo,fgiacomazzo1x@blogtalkradio.com,Female,48.138.76.127
71,Anatol,Showt,ashowt1y@flavors.me,Agender,218.93.220.123
72,Merry,Renfield,mrenfield1z@answers.com,Female,130.190.45.214
73,Milly,Euston,meuston20@hugedomains.com,Female,3.41.228.250
74,Dory,Focke,dfocke21@google.fr,Male,31.9.92.230
75,Ulrikaumeko,Edens,uedens22@nba.com,Female,139.159.38.94
76,Adey,Bazoche,abazoche23@ft.com,Female,32.133.63.173
77,Lannie,Vost,lvost24@cdbaby.com,Male,174.82.248.96
78,Brandon,Wilcockes,bwilcockes25@mozilla.org,Male,145.205.99.223
79,Katheryn,Mundle,kmundle26@globo.com,Female,76.105.175.179
80,Halsy,Storton,hstorton27@goodreads.com,Male,176.166.248.85
81,Townie,Kopelman,tkopelman28@cyberchimps.com,Genderqueer,255.226.152.97
82,Roxanna,Claughton,rclaughton29@amazon.de,Bigender,27.185.145.166
83,Kimmie,Probert,kprobert2a@dmoz.org,Agender,159.182.93.203
84,Damiano,Welbrock,dwelbrock2b@odnoklassniki.ru,Male,131.183.52.231
85,Abby,Withinshaw,awithinshaw2c@arizona.edu,Male,83.195.227.226
86,Gaynor,McMenamy,gmcmenamy2d@technorati.com,Female,230.83.65.230
87,Jana,Bundey,jbundey2e@topsy.com,Female,211.24.210.122
88,Tobiah,Eynon,teynon2f@dagondesign.com,Male,8.93.70.13
89,Michelle,Beaconsall,mbeaconsall2g@1und1.de,Female,154.227.60.188
90,Abigail,Morford,amorford2h@hatena.ne.jp,Female,134.186.93.206
91,Cecily,Cammiemile,ccammiemile2i@flavors.me,Agender,239.71.36.10
92,Linnell,Rentalll,lrentalll2j@usda.gov,Female,4.68.169.242
93,Alexander,Rosenfarb,arosenfarb2k@zdnet.com,Male,133.9.232.23
94,Cesaro,Brenard,cbrenard2l@home.pl,Male,75.122.184.161
95,Nan,Millard,nmillard2m@redcross.org,Female,170.251.89.231
96,Cammie,Haddington,chaddington2n@bizjournals.com,Female,255.222.213.4
97,Gillan,McElory,gmcelory2o@wikimedia.org,Polygender,252.7.186.173
98,Minda,Spinney,mspinney2p@smugmug.com,Genderqueer,8.72.90.171
99,Matthus,Fynes,mfynes2q@jalbum.net,Male,178.135.20.28
100,Dorthea,Levinge,dlevinge2r@columbia.edu,Female,242.27.122.242
101,Jarrad,Teenan,jteenan2s@live.com,Genderfluid,241.112.0.97
102,Angela,Alesio,aalesio2t@nature.com,Female,93.156.255.183
103,Nikolas,Greenslade,ngreenslade2u@zdnet.com,Male,122.202.75.218
104,Julienne,Hansell,jhansell2v@msu.edu,Female,88.205.109.52
105,Darrel,Redwood,dredwood2w@reddit.com,Male,169.229.182.59
106,Haleigh,Izsak,hizsak2x@live.com,Agender,132.140.98.13
107,Gabriellia,Rushworth,grushworth2y@google.com.br,Female,147.45.200.121
108,Vanna,Ruppelin,vruppelin2z@addthis.com,Female,193.150.246.151
109,Vinni,Aguirrezabala,vaguirrezabala30@reuters.com,Female,254.102.151.48
110,Nerte,Stormont,nstormont31@umn.edu,Female,15.154.200.77
111,Sue,Josefsohn,sjosefsohn32@over-blog.com,Female,56.32.108.72
112,Emelyne,Simmen,esimmen33@nbcnews.com,Female,72.205.24.248
113,Rosene,Faircloth,rfaircloth34@ocn.ne.jp,Female,38.9.10.109
114,Rachel,Labitt,rlabitt35@upenn.edu,Female,1.244.47.240
115,Alva,Kingsnod,akingsnod36@de.vu,Male,2.73.210.106
116,Astrid,Pavlov,apavlov37@youtu.be,Female,34.229.41.158
117,Deb,Graser,dgraser38@tinyurl.com,Female,251.204.187.232
118,Jamaal,Penson,jpenson39@usa.gov,Male,93.17.207.147
119,Melany,Boyton,mboyton3a@blogger.com,Female,223.60.158.227
120,Justino,Doggart,jdoggart3b@umn.edu,Male,134.87.164.136
121,Domenic,Barns,dbarns3c@ucsd.edu,Male,47.165.98.234
122,Fernandina,Ramos,framos3d@state.tx.us,Female,167.20.5.199
123,Ricardo,Akid,rakid3e@businessinsider.com,Male,174.93.116.113
124,Bill,Ghio,bghio3f@ted.com,Female,68.34.188.164
125,Shanta,Bedow,sbedow3g@nbcnews.com,Female,110.67.136.119
126,Sayer,Cottem,scottem3h@ocn.ne.jp,Male,62.171.72.229
127,Esmaria,Gladdish,egladdish3i@diigo.com,Female,221.107.248.109
128,Philbert,Metcalf,pmetcalf3j@qq.com,Male,156.209.64.186
129,Alvy,Luxton,aluxton3k@berkeley.edu,Non-binary,194.60.221.61
130,Raquel,Abeau,rabeau3l@wikispaces.com,Female,84.66.214.103
131,Marci,Schurig,mschurig3m@stumbleupon.com,Genderfluid,94.243.91.3
132,Dinah,Bremner,dbremner3n@dropbox.com,Female,135.163.108.22
133,Kane,Facer,kfacer3o@technorati.com,Agender,78.121.111.122
134,Neils,Aguilar,naguilar3p@ted.com,Male,52.168.141.165
135,Isidor,Jurgensen,ijurgensen3q@jugem.jp,Male,198.123.86.67
136,Aaren,Sally,asally3r@state.gov,Female,131.7.65.35
137,Mannie,Shakespeare,mshakespeare3s@aboutads.info,Male,106.140.181.154
138,Oran,Pales,opales3t@un.org,Male,238.122.75.9
139,Carmina,Draco,cdraco3u@uiuc.edu,Female,13.144.5.17
140,Caitlin,Reffe,creffe3v@blogspot.com,Female,209.83.159.162
141,Ivett,Roobottom,iroobottom3w@boston.com,Female,74.12.43.234
142,Emili,Blackbrough,eblackbrough3x@github.com,Female,134.204.79.15
143,Angel,Monkman,amonkman3y@ebay.co.uk,Male,109.209.87.157
144,Pollyanna,Pestell,ppestell3z@netvibes.com,Non-binary,28.72.28.78
145,Cyndi,Makin,cmakin40@people.com.cn,Female,22.184.219.190
146,Germaine,Cundict,gcundict41@purevolume.com,Female,160.72.254.131
147,Gil,Moggie,gmoggie42@biglobe.ne.jp,Male,82.148.224.164
148,Julienne,Coite,jcoite43@dmoz.org,Female,238.145.210.83
149,Sibbie,Hurkett,shurkett44@slashdot.org,Female,235.29.136.120
150,Lucie,McIlhagga,lmcilhagga45@godaddy.com,Female,120.234.188.32
151,Dino,Sirr,dsirr46@moonfruit.com,Male,178.0.139.203
152,Findlay,Landrean,flandrean47@dagondesign.com,Male,150.183.132.60
153,Valenka,Dunseith,vdunseith48@cdc.gov,Female,172.217.208.226
154,Matty,Reynault,mreynault49@businesswire.com,Polygender,228.157.158.96
155,Edvard,Guillem,eguillem4a@is.gd,Non-binary,32.146.254.136
156,Isiahi,McFeate,imcfeate4b@4shared.com,Male,161.129.89.120
157,Clemente,Ingliby,cingliby4c@oakley.com,Male,228.171.43.151
158,Murdoch,Lock,mlock4d@domainmarket.com,Male,76.22.73.115
159,Wade,Skoughman,wskoughman4e@nature.com,Male,166.96.30.122
160,Urbanus,Collabine,ucollabine4f@intel.com,Genderqueer,11.62.80.122
161,Benedick,Fritzer,bfritzer4g@china.com.cn,Male,65.75.78.62
162,Aurea,Wingfield,awingfield4h@oracle.com,Female,137.12.183.39
163,Rusty,Borzoni,rborzoni4i@yellowbook.com,Male,209.196.52.73
164,Elianore,Holston,eholston4j@vk.com,Agender,80.29.27.248
165,Shirline,Furney,sfurney4k@tuttocitta.it,Female,154.180.166.243
166,Aguste,Ondracek,aondracek4l@studiopress.com,Male,246.63.135.126
167,Glen,Farherty,gfarherty4m@samsung.com,Bigender,234.111.211.233
168,Chaddie,Queripel,cqueripel4n@boston.com,Male,52.6.240.137
169,Griffith,Merfin,gmerfin4o@google.fr,Male,31.254.254.82
170,Meryl,Trevear,mtrevear4p@kickstarter.com,Male,38.178.124.74
171,Ricki,Grewcock,rgrewcock4q@cnet.com,Non-binary,120.173.211.107
172,Jude,Killich,jkillich4r@comsenz.com,Non-binary,211.164.93.49
173,Ricardo,Form,rform4s@macromedia.com,Male,188.214.11.195
174,Desmund,Fleckness,dfleckness4t@slashdot.org,Male,221.25.55.247
175,Steve,Revan,srevan4u@usa.gov,Male,19.66.81.11
176,Jasmine,Mycroft,jmycroft4v@comcast.net,Female,92.14.114.143
177,Claudell,Parradice,cparradice4w@furl.net,Male,203.140.159.22
178,Kitti,Wooton,kwooton4x@hao123.com,Female,39.253.59.105
179,Carling,Atwater,catwater4y@yelp.com,Male,96.70.62.28
180,Evie,Boatwright,eboatwright4z@prweb.com,Female,209.8.76.202
181,Arleta,Barkas,abarkas50@slashdot.org,Female,135.226.180.249
182,Karyl,McOrkill,kmcorkill51@craigslist.org,Female,50.237.173.171
183,Eolande,Sandall,esandall52@naver.com,Genderfluid,14.140.199.64
184,Gerri,Gittens,ggittens53@sina.com.cn,Male,12.178.125.102
185,Barbabra,Curragh,bcurragh54@usgs.gov,Female,232.186.118.74
186,Candida,Rodd,crodd55@desdev.cn,Female,134.234.135.174
187,Brody,Glyssanne,bglyssanne56@sfgate.com,Male,174.247.76.169
188,Tedra,Addy,taddy57@webs.com,Female,159.187.208.122
189,Karon,Cully,kcully58@utexas.edu,Polygender,149.103.199.253
190,Yanaton,Yglesia,yyglesia59@nytimes.com,Male,221.206.218.121
191,Georgiana,Seabrook,gseabrook5a@symantec.com,Female,24.206.243.148
192,Duffie,Tucker,dtucker5b@loc.gov,Male,57.88.197.186
193,Bryanty,Yockney,byockney5c@cornell.edu,Male,102.10.73.126
194,Nert,Phinnessy,nphinnessy5d@bandcamp.com,Female,9.1.102.181
195,Johnna,Fitch,jfitch5e@privacy.gov.au,Female,43.202.218.10
196,Kacy,McRitchie,kmcritchie5f@kickstarter.com,Female,171.241.87.193
197,Carry,Gumby,cgumby5g@cam.ac.uk,Female,40.254.169.135
198,Freeman,Cogswell,fcogswell5h@goo.gl,Male,60.238.188.76
199,Joannes,Chittey,jchittey5i@sourceforge.net,Female,49.79.218.230
200,Henri,Prestage,hprestage5j@exblog.jp,Male,97.240.96.225
201,Harriot,Ruane,hruane5k@foxnews.com,Female,123.118.79.132
202,Laird,Franceschielli,lfranceschielli5l@microsoft.com,Male,185.167.62.158
203,Lloyd,Feige,lfeige5m@dot.gov,Male,63.6.61.169
204,Alexina,Honnicott,ahonnicott5n@loc.gov,Female,160.183.170.5
205,Jourdain,Raoult,jraoult5o@yellowbook.com,Male,96.24.196.221
206,Ozzy,Gunstone,ogunstone5p@dyndns.org,Male,12.39.37.179
207,Lon,Woolland,lwoolland5q@macromedia.com,Male,186.80.47.150
208,Carrie,McLeese,cmcleese5r@livejournal.com,Female,118.146.35.169
209,Konstanze,Thurborn,kthurborn5s@360.cn,Female,31.78.177.210
210,Kelvin,Staker,kstaker5t@dagondesign.com,Male,186.98.217.200
211,Michele,Czaple,mczaple5u@joomla.org,Female,126.64.120.68
212,Bailey,Brellin,bbrellin5v@bloglovin.com,Male,250.88.24.168
213,Babara,Kornyakov,bkornyakov5w@abc.net.au,Female,13.123.95.20
214,Barclay,Willingale,bwillingale5x@flickr.com,Male,55.81.163.197
215,Tymothy,Cawt,tcawt5y@go.com,Male,233.32.68.145
216,Brenna,Mendel,bmendel5z@feedburner.com,Female,33.28.53.155
217,Kylynn,Clemmow,kclemmow60@com.com,Female,64.90.199.111
218,Glynn,Olufsen,golufsen61@github.com,Male,189.255.10.70
219,Flossy,Escala,fescala62@nsw.gov.au,Female,243.5.109.166
220,Janna,Kasbye,jkasbye63@nbcnews.com,Female,138.100.169.95
221,Corey,Tutill,ctutill64@toplist.cz,Female,165.66.45.189
222,Arline,Haverson,ahaverson65@360.cn,Female,45.171.126.178
223,Tasia,Tocknell,ttocknell66@google.pl,Female,59.203.31.73
224,Nahum,Francis,nfrancis67@facebook.com,Male,245.244.61.61
225,Ellen,Cucinotta,ecucinotta68@google.nl,Female,60.151.92.176
226,Noellyn,MacCaughan,nmaccaughan69@addthis.com,Female,64.107.60.212
227,Tab,Faulks,tfaulks6a@webeden.co.uk,Male,182.119.42.168
228,Adella,Claridge,aclaridge6b@people.com.cn,Genderfluid,69.134.226.3
229,Jasen,Connochie,jconnochie6c@utexas.edu,Male,127.236.237.154
230,Gabey,Ende,gende6d@scribd.com,Female,143.181.147.23
231,Lenora,Jakobsson,ljakobsson6e@amazonaws.com,Female,2.208.226.171
232,Donnie,Laphorn,dlaphorn6f@google.fr,Female,53.203.221.50
233,Starlene,Knightsbridge,sknightsbridge6g@google.cn,Female,94.100.71.20
234,Anatol,Ambrogini,aambrogini6h@utexas.edu,Non-binary,242.119.186.221
235,Fidelio,Cromb,fcromb6i@prweb.com,Male,201.130.67.189
236,Quintina,Sherburn,qsherburn6j@github.com,Female,77.47.15.116
237,Gar,Worgan,gworgan6k@columbia.edu,Male,102.62.178.185
238,Earvin,Baterip,ebaterip6l@ow.ly,Male,170.189.20.2
239,Chrisy,Trobe,ctrobe6m@purevolume.com,Male,149.37.112.234
240,Benedicto,Shorrock,bshorrock6n@zdnet.com,Male,127.231.174.38
241,Dani,Delacroix,ddelacroix6o@boston.com,Male,205.140.242.188
242,Pat,Fasset,pfasset6p@archive.org,Female,225.80.153.129
243,Rikki,Gant,rgant6q@dion.ne.jp,Female,240.1.15.83
244,Fletcher,Jakuszewski,fjakuszewski6r@tmall.com,Male,105.189.248.74
245,Lennard,Miklem,lmiklem6s@alibaba.com,Male,144.69.131.81
246,Carie,Decourt,cdecourt6t@amazon.co.jp,Female,78.25.9.125
247,Jefferey,Banaszkiewicz,jbanaszkiewicz6u@tripadvisor.com,Male,53.1.58.117
248,Karrie,Harman,kharman6v@t-online.de,Female,18.87.66.173
249,Ebba,Janman,ejanman6w@salon.com,Female,185.99.89.13
250,Gerik,Lindner,glindner6x@jiathis.com,Bigender,114.25.168.66
251,Malinda,Breeton,mbreeton6y@google.com,Female,141.254.10.98
252,Derk,Glide,dglide6z@merriam-webster.com,Male,162.211.178.73
253,Hedvig,Bewsey,hbewsey70@seattletimes.com,Genderqueer,0.63.153.110
254,Felicdad,Drinkhall,fdrinkhall71@bluehost.com,Female,91.137.122.130
255,Steward,Pregel,spregel72@desdev.cn,Male,85.58.8.11
256,Olav,Buttler,obuttler73@usnews.com,Male,224.246.197.207
257,Danie,Kilrow,dkilrow74@ucoz.ru,Male,74.81.138.138
258,Philly,Shelmardine,pshelmardine75@vkontakte.ru,Female,103.130.9.166
259,Morganne,Mockes,mmockes76@constantcontact.com,Female,222.2.75.172
260,Roseline,Kiehnlt,rkiehnlt77@deliciousdays.com,Female,244.232.61.247
261,Chicky,Slopier,cslopier78@java.com,Female,49.2.252.204
262,Tam,Eliet,teliet79@bbb.org,Male,130.176.203.66
263,Finley,De Zamudio,fdezamudio7a@statcounter.com,Polygender,182.252.245.135
264,Hugues,Kilmartin,hkilmartin7b@sbwire.com,Male,20.71.186.59
265,Waring,Mallaby,wmallaby7c@reddit.com,Non-binary,187.245.223.228
266,Alidia,Kirton,akirton7d@redcross.org,Female,141.234.208.193
267,Elsy,Duchan,educhan7e@howstuffworks.com,Female,164.69.179.20
268,Chrysler,Longmuir,clongmuir7f@washington.edu,Female,108.53.251.115
269,Moreen,Armer,marmer7g@artisteer.com,Female,79.229.212.129
270,Conroy,Brightwell,cbrightwell7h@samsung.com,Male,204.231.8.10
271,Elie,Besnard,ebesnard7i@ibm.com,Female,76.78.221.176
272,Melinde,Shurrock,mshurrock7j@nature.com,Female,230.242.15.193
273,Trever,Vine,tvine7k@businessweek.com,Male,243.65.105.165
274,Stinky,Denk,sdenk7l@photobucket.com,Male,153.254.138.133
275,Blayne,Cartmill,bcartmill7m@networkadvertising.org,Male,255.149.172.178
276,Caesar,Cearley,ccearley7n@jigsy.com,Male,236.229.10.25
277,Monro,Shadfourth,mshadfourth7o@nationalgeographic.com,Male,113.126.46.172
278,Emera,Hayworth,ehayworth7p@xing.com,Female,6.141.194.60
279,Shepperd,Fugere,sfugere7q@soundcloud.com,Male,210.248.7.141
280,Darrin,Faustin,dfaustin7r@wiley.com,Male,194.34.99.108
281,Norbert,Gathwaite,ngathwaite7s@weebly.com,Male,208.84.190.162
282,Richie,Revan,rrevan7t@wikia.com,Male,101.28.149.168
283,Hammad,Ties,hties7u@unblog.fr,Male,208.221.243.42
284,Gare,Vittore,gvittore7v@unesco.org,Male,134.200.42.60
285,Ansell,Labden,alabden7w@ihg.com,Male,58.140.202.129
286,Tiffani,Josipovic,tjosipovic7x@home.pl,Female,189.189.161.62
287,Ronica,Mapstone,rmapstone7y@webs.com,Female,16.57.94.61
288,Em,Capeloff,ecapeloff7z@ocn.ne.jp,Male,47.217.234.238
289,Had,Orritt,horritt80@parallels.com,Male,28.38.164.218
290,Zarla,Craine,zcraine81@ox.ac.uk,Female,97.209.119.37
291,Kim,Pedron,kpedron82@boston.com,Male,202.155.79.238
292,Noll,Arne,narne83@feedburner.com,Male,135.220.26.39
293,Coleen,Baumert,cbaumert84@statcounter.com,Female,31.181.254.109
294,Sashenka,Trent,strent85@mysql.com,Non-binary,176.204.215.185
295,Camille,Lamacraft,clamacraft86@wisc.edu,Female,37.135.247.38
296,Jania,Lorman,jlorman87@ezinearticles.com,Female,172.242.243.0
297,Robby,Seale,rseale88@tiny.cc,Bigender,208.141.24.133
298,Paco,Rodolico,prodolico89@pinterest.com,Male,2.123.214.235
299,Casar,Benyan,cbenyan8a@sina.com.cn,Male,168.20.240.225
300,Barclay,Strewther,bstrewther8b@google.co.jp,Male,4.2.54.234
301,Annis,Zellner,azellner8c@cam.ac.uk,Female,204.129.222.209
302,Jarad,Badini,jbadini8d@shareasale.com,Male,183.117.38.12
303,Batsheva,Bowra,bbowra8e@si.edu,Non-binary,121.102.13.120
304,Wilone,Enrdigo,wenrdigo8f@spiegel.de,Female,190.190.210.147
305,Nerty,Dybald,ndybald8g@themeforest.net,Female,177.63.58.157
306,Elly,Tilte,etilte8h@bandcamp.com,Female,191.161.242.185
307,Harmonia,Fidler,hfidler8i@hp.com,Female,42.203.86.197
308,Ernie,Dahmke,edahmke8j@blinklist.com,Male,37.142.22.106
309,Portie,Netherwood,pnetherwood8k@hexun.com,Male,242.1.56.254
310,Tawnya,Semmence,tsemmence8l@yelp.com,Female,213.250.74.99
311,Missie,Jeffcoat,mjeffcoat8m@linkedin.com,Female,188.148.230.207
312,Alford,Volage,avolage8n@sbwire.com,Male,128.13.231.244
313,Nathaniel,D'Ambrogio,ndambrogio8o@arstechnica.com,Male,144.214.175.51
314,Oona,Driscoll,odriscoll8p@cargocollective.com,Female,131.74.130.99
315,Von,Hedin,vhedin8q@usda.gov,Male,124.39.86.132
316,Francklyn,Roubeix,froubeix8r@yahoo.co.jp,Male,112.75.121.81
317,Kass,Sabie,ksabie8s@google.ca,Female,248.149.85.15
318,Susette,Shenfisch,sshenfisch8t@epa.gov,Female,126.198.95.177
319,Ilario,Choudhury,ichoudhury8u@wisc.edu,Male,98.139.162.1
320,Elora,Gaukroger,egaukroger8v@newsvine.com,Female,248.227.196.4
321,Adriaens,Vellden,avellden8w@uol.com.br,Female,44.78.171.76
322,Sargent,Brockie,sbrockie8x@loc.gov,Male,197.115.73.108
323,Anne-corinne,Sincock,asincock8y@xrea.com,Female,163.225.154.196
324,Woodman,Revey,wrevey8z@stanford.edu,Male,249.107.150.169
325,William,Reinmar,wreinmar90@blogs.com,Male,129.182.40.234
326,Lauren,Rotge,lrotge91@netvibes.com,Male,118.39.202.155
327,Tildy,Figgins,tfiggins92@ezinearticles.com,Female,121.30.226.205
328,Gabie,Davioud,gdavioud93@qq.com,Male,187.72.66.71
329,Issie,Sexon,isexon94@amazon.de,Female,5.44.23.123
330,Myrna,Finlaison,mfinlaison95@cdc.gov,Female,58.29.186.46
331,Fara,Barrott,fbarrott96@google.cn,Female,32.41.90.51
332,Nadya,Raddan,nraddan97@dailymotion.com,Female,173.79.82.0
333,Thane,Drillot,tdrillot98@seesaa.net,Male,3.238.163.197
334,West,Orring,worring99@uol.com.br,Male,224.176.189.20
335,Odell,Chatenier,ochatenier9a@usnews.com,Male,130.152.224.227
336,Lee,Gilberthorpe,lgilberthorpe9b@ebay.co.uk,Female,59.247.5.99
337,Simonne,De Paepe,sdepaepe9c@hp.com,Female,239.94.236.116
338,Lonny,Cabrer,lcabrer9d@ox.ac.uk,Polygender,177.99.156.14
339,Ninnette,Roscow,nroscow9e@nih.gov,Genderfluid,160.74.206.179
340,Quintina,Bickford,qbickford9f@ameblo.jp,Female,8.84.12.240
341,Gerek,Armitt,garmitt9g@ning.com,Male,228.78.51.132
342,Kacey,Longhi,klonghi9h@cyberchimps.com,Female,62.55.180.153
343,Jeth,Alred,jalred9i@globo.com,Male,12.231.62.68
344,Ardith,Orviss,aorviss9j@timesonline.co.uk,Female,60.219.195.163
345,Alexia,Bexley,abexley9k@mapy.cz,Female,64.15.55.145
346,Bud,Lickess,blickess9l@plala.or.jp,Agender,174.81.217.48
347,Mia,Cleminson,mcleminson9m@photobucket.com,Female,250.68.37.72
348,Beauregard,Esterbrook,besterbrook9n@time.com,Male,252.227.3.125
349,Jephthah,Mawby,jmawby9o@sfgate.com,Male,171.118.0.5
350,Roderigo,Burlay,rburlay9p@fc2.com,Male,132.4.134.0
351,Rycca,Tinker,rtinker9q@dell.com,Female,4.217.23.118
352,Hodge,Bexon,hbexon9r@smh.com.au,Male,132.153.47.54
353,Burk,Fawcus,bfawcus9s@howstuffworks.com,Male,250.55.191.239
354,Luke,Littley,llittley9t@diigo.com,Male,156.180.229.95
355,Derrik,Rix,drix9u@noaa.gov,Male,215.33.200.73
356,Kaitlynn,Burrill,kburrill9v@hud.gov,Female,11.238.118.115
357,Agnola,Luty,aluty9w@fda.gov,Genderfluid,161.89.78.12
358,Noe,Coleby,ncoleby9x@indiatimes.com,Male,22.138.100.188
359,Elmira,Lumly,elumly9y@mashable.com,Female,143.7.89.167
360,Roman,Blore,rblore9z@microsoft.com,Male,244.201.46.219
361,Margette,Mityashin,mmityashina0@kickstarter.com,Female,57.112.71.219
362,Mikel,Jarman,mjarmana1@mayoclinic.com,Male,36.186.118.186
363,Efrem,Belton,ebeltona2@google.cn,Male,31.142.92.72
364,Evey,Keen,ekeena3@mlb.com,Female,22.21.31.238
365,Magnum,Gilhouley,mgilhouleya4@netvibes.com,Male,143.229.162.173
366,Donnell,Douberday,ddouberdaya5@stumbleupon.com,Male,10.108.196.206
367,Demetra,Drezzer,ddrezzera6@state.gov,Female,9.137.74.24
368,Pattie,Yankov,pyankova7@ihg.com,Male,66.68.48.202
369,Carlynn,Hartle,chartlea8@acquirethisname.com,Female,20.237.123.190
370,Bowie,Storcke,bstorckea9@nps.gov,Male,164.74.30.108
371,Porty,MacGilpatrick,pmacgilpatrickaa@youku.com,Genderfluid,12.30.251.230
372,Nicola,Southern,nsouthernab@ibm.com,Female,88.84.221.62
373,Conroy,Solomon,csolomonac@wikispaces.com,Male,58.81.131.187
374,Vasili,Onians,voniansad@loc.gov,Male,96.245.163.129
375,Peggi,Stait,pstaitae@google.com,Female,21.162.223.92
376,Kerianne,Havis,khavisaf@goo.ne.jp,Female,254.66.145.146
377,Roger,Troak,rtroakag@google.ca,Male,60.18.255.113
378,Bernardo,Tiron,btironah@ehow.com,Polygender,11.179.40.163
379,Ynez,Holsall,yholsallai@ycombinator.com,Genderfluid,167.199.7.198
380,Terrell,Lafont,tlafontaj@irs.gov,Male,89.145.129.113
381,Yancy,Castello,ycastelloak@jiathis.com,Male,74.28.191.122
382,Colan,Bilfoot,cbilfootal@chronoengine.com,Male,14.5.216.122
383,Tommy,Spenceley,tspenceleyam@nydailynews.com,Male,181.144.152.226
384,Bartholomew,Reinmar,breinmaran@i2i.jp,Male,131.177.187.118
385,Ferdinanda,Bushill,fbushillao@amazonaws.com,Female,102.54.204.157
386,Yalonda,Slemmonds,yslemmondsap@utexas.edu,Genderqueer,157.102.58.3
387,Olimpia,Brailey,obraileyaq@a8.net,Female,252.51.147.21
388,Ollie,Paddon,opaddonar@surveymonkey.com,Bigender,177.6.85.222
389,Quintilla,Weavers,qweaversas@jimdo.com,Female,221.251.23.8
390,Lonni,Cubbin,lcubbinat@goo.ne.jp,Female,253.130.150.163
391,Carol-jean,Belchambers,cbelchambersau@auda.org.au,Female,246.44.18.106
392,Quincy,Calway,qcalwayav@shop-pro.jp,Male,255.97.70.178
393,Nil,Searl,nsearlaw@nih.gov,Male,157.189.144.223
394,Wenona,Concannon,wconcannonax@geocities.jp,Female,66.100.11.149
395,Godard,Dandy,gdandyay@lulu.com,Non-binary,133.112.41.240
396,Odella,Heaphy,oheaphyaz@noaa.gov,Female,163.154.144.152
397,Hynda,Pablos,hpablosb0@oaic.gov.au,Female,143.140.195.190
398,Tadeo,Crosi,tcrosib1@t.co,Male,29.250.203.160
399,Elysee,Hryskiewicz,ehryskiewiczb2@washingtonpost.com,Female,2.66.36.18
400,Cassey,Sutherns,csuthernsb3@smugmug.com,Female,56.0.36.3
401,Guido,Simenet,gsimenetb4@google.com.hk,Male,100.204.183.194
402,Magda,Elvish,melvishb5@wordpress.org,Female,15.133.46.85
403,York,Kail,ykailb6@google.nl,Male,38.115.105.208
404,Matthieu,Whetton,mwhettonb7@ucla.edu,Polygender,86.27.236.105
405,Cam,Duiguid,cduiguidb8@google.ca,Male,87.39.79.83
406,Harrison,Gingell,hgingellb9@istockphoto.com,Male,42.238.159.233
407,Westbrooke,Benedicte,wbenedicteba@state.gov,Male,116.240.37.38
408,Rebeka,Banes,rbanesbb@paypal.com,Female,121.139.76.75
409,Gene,Hunte,ghuntebc@bing.com,Genderqueer,203.88.168.157
410,Tillie,Mulleary,tmullearybd@auda.org.au,Female,215.129.221.125
411,Burke,Behnen,bbehnenbe@ameblo.jp,Male,97.46.51.131
412,Justen,Gutridge,jgutridgebf@cdc.gov,Male,198.51.194.77
413,Halimeda,Thewys,hthewysbg@hud.gov,Female,64.141.229.126
414,Bili,Howsego,bhowsegobh@merriam-webster.com,Female,11.55.47.83
415,Theo,Colcomb,tcolcombbi@nhs.uk,Female,0.52.141.146
416,Linn,McIan,lmcianbj@webeden.co.uk,Female,8.49.73.189
417,Jewelle,McPolin,jmcpolinbk@apache.org,Female,210.109.27.201
418,Ilaire,Selwyn,iselwynbl@ibm.com,Male,242.232.78.143
419,Lavinia,Hicks,lhicksbm@google.es,Female,163.13.248.151
420,Phyllis,Pigdon,ppigdonbn@shop-pro.jp,Female,170.171.73.71
421,Glori,Zute,gzutebo@tinyurl.com,Female,12.24.35.222
422,Nicki,Search,nsearchbp@google.com,Genderqueer,139.217.184.172
423,Kelly,Pirozzi,kpirozzibq@marriott.com,Male,82.73.223.155
424,Grady,Scathard,gscathardbr@vkontakte.ru,Male,178.224.232.180
425,Lira,Butterly,lbutterlybs@ehow.com,Female,48.211.116.192
426,Fons,Rosettini,frosettinibt@phpbb.com,Bigender,98.89.191.149
427,Leann,Cromack,lcromackbu@homestead.com,Female,24.105.162.80
428,Sarena,Patten,spattenbv@weather.com,Female,167.135.19.20
429,Laural,Pibworth,lpibworthbw@ucsd.edu,Female,113.144.12.236
430,Jasen,Sherreard,jsherreardbx@is.gd,Male,16.236.38.9
431,Reid,Pharaoh,rpharaohby@usa.gov,Male,44.203.194.25
432,Erinna,Syde,esydebz@homestead.com,Female,224.169.60.163
433,Nikolaos,Bletsoe,nbletsoec0@columbia.edu,Male,141.158.92.89
434,Robby,Hamsson,rhamssonc1@globo.com,Female,214.28.73.176
435,Meade,Gillitt,mgillittc2@dailymail.co.uk,Male,197.161.117.121
436,Talyah,Maudsley,tmaudsleyc3@ebay.com,Female,198.146.178.30
437,Ludwig,Tirte,ltirtec4@cafepress.com,Male,94.31.123.185
438,Xavier,Ruhben,xruhbenc5@zdnet.com,Male,199.198.201.87
439,Mic,Lukasik,mlukasikc6@independent.co.uk,Male,141.181.144.55
440,Amandi,Comley,acomleyc7@addtoany.com,Female,162.30.137.52
441,Frank,Honacker,fhonackerc8@diigo.com,Female,92.225.8.95
442,Rocky,Skey,rskeyc9@cam.ac.uk,Male,80.45.159.41
443,Gussie,Norree,gnorreeca@microsoft.com,Female,68.76.255.47
444,Demetris,Reucastle,dreucastlecb@sourceforge.net,Male,46.116.115.185
445,Celina,Ruddy,cruddycc@oracle.com,Female,72.31.33.88
446,Petrina,Wennington,pwenningtoncd@ibm.com,Female,35.225.24.177
447,Rutger,Sergant,rsergantce@about.me,Male,115.64.165.99
448,Dore,Dermott,ddermottcf@noaa.gov,Female,140.104.211.250
449,Damian,Long,dlongcg@seesaa.net,Male,199.148.53.80
450,Wolfgang,Brindley,wbrindleych@ocn.ne.jp,Non-binary,221.107.209.184
451,Magnum,Robbeke,mrobbekeci@patch.com,Male,209.154.47.97
452,Dick,Claughton,dclaughtoncj@samsung.com,Male,253.4.237.162
453,Yale,Mahaffey,ymahaffeyck@51.la,Male,1.250.49.29
454,Riccardo,Wildblood,rwildbloodcl@sciencedaily.com,Male,183.190.194.14
455,Mohammed,Boustead,mbousteadcm@people.com.cn,Male,176.241.14.156
456,Sandy,Hindenberger,shindenbergercn@wikimedia.org,Female,66.101.82.121
457,Martina,Tustin,mtustinco@ihg.com,Female,41.41.240.57
458,Siegfried,Pring,springcp@newsvine.com,Male,99.216.253.100
459,Yelena,Minors,yminorscq@house.gov,Female,158.119.193.78
460,Rriocard,Lushey,rlusheycr@barnesandnoble.com,Male,124.123.130.159
461,Alley,Fullalove,afullalovecs@howstuffworks.com,Male,132.71.163.53
462,Wallis,McGhee,wmcgheect@soundcloud.com,Female,225.195.189.227
463,Pepillo,Costard,pcostardcu@google.it,Male,186.56.227.40
464,Reinold,Morley,rmorleycv@wikipedia.org,Male,223.154.115.189
465,Nevil,Clother,nclothercw@nifty.com,Male,80.121.90.74
466,Blane,Dukes,bdukescx@nbcnews.com,Male,19.222.244.255
467,Camilla,Suggett,csuggettcy@amazon.de,Female,25.87.150.27
468,Udall,Schoales,uschoalescz@feedburner.com,Male,115.253.37.26
469,Isabeau,Teasdale,iteasdaled0@creativecommons.org,Female,196.112.230.108
470,Tito,Dureden,tduredend1@hp.com,Male,44.188.215.245
471,Brent,Doni,bdonid2@geocities.com,Male,251.70.70.161
472,Mort,Waldron,mwaldrond3@instagram.com,Male,192.248.218.186
473,Claire,Sambedge,csambedged4@yelp.com,Female,51.36.88.190
474,Katti,McDyer,kmcdyerd5@nyu.edu,Female,216.143.185.55
475,Wilmette,Shoebottom,wshoebottomd6@freewebs.com,Female,188.235.215.247
476,Stanfield,Dyster,sdysterd7@networksolutions.com,Male,18.33.201.192
477,Garland,Nott,gnottd8@quantcast.com,Female,195.116.166.171
478,Caron,Reddy,creddyd9@nih.gov,Female,13.108.33.117
479,Erda,Ciccotto,eciccottoda@cisco.com,Genderqueer,232.41.170.73
480,Coop,Flemmich,cflemmichdb@github.com,Male,219.136.238.7
481,Giff,Cosbey,gcosbeydc@smugmug.com,Male,187.214.68.150
482,Delcine,Riste,dristedd@loc.gov,Female,21.135.117.231
483,Vito,Brash,vbrashde@sun.com,Genderfluid,106.128.139.174
484,Sargent,Witard,switarddf@ucsd.edu,Male,4.16.16.215
485,Ingra,Lumb,ilumbdg@moonfruit.com,Male,117.186.105.238
486,Rinaldo,Moreland,rmorelanddh@ocn.ne.jp,Male,196.158.94.125
487,Donaugh,Bilston,dbilstondi@timesonline.co.uk,Genderfluid,197.72.148.6
488,Chaim,Founds,cfoundsdj@tinyurl.com,Male,22.9.112.161
489,Burnard,Cullagh,bcullaghdk@lycos.com,Male,214.35.123.1
490,Alexandra,Attac,aattacdl@chicagotribune.com,Female,143.211.187.18
491,Ted,Applewhaite,tapplewhaitedm@usatoday.com,Female,95.206.219.91
492,Garold,Artus,gartusdn@harvard.edu,Male,235.217.146.25
493,Hobey,McIan,hmciando@cnbc.com,Male,250.225.31.148
494,Beverlie,Mailes,bmailesdp@stanford.edu,Female,114.238.176.206
495,Reinaldos,Rolfe,rrolfedq@patch.com,Male,85.68.143.204
496,Cal,Winser,cwinserdr@nyu.edu,Male,78.96.113.223
497,Abie,Mitham,amithamds@reuters.com,Male,42.116.115.234
498,Freda,Verey,fvereydt@hexun.com,Female,155.158.2.172
499,Ursola,Gunner,ugunnerdu@networkadvertising.org,Female,105.116.255.192
500,Flinn,Binden,fbindendv@wikipedia.org,Male,90.7.1.115
501,Taffy,Grotty,tgrottydw@mit.edu,Female,7.210.61.180
502,Rip,Cawthery,rcawtherydx@bravesites.com,Male,48.14.15.175
503,Nikolaos,Leyburn,nleyburndy@icio.us,Male,181.112.214.77
504,Kirstin,Pargent,kpargentdz@istockphoto.com,Female,173.135.255.208
505,Baxy,Mennell,bmennelle0@youtu.be,Male,237.156.101.14
506,Traci,Farnall,tfarnalle1@slashdot.org,Female,4.175.95.10
507,Jo,Folke,jfolkee2@wix.com,Male,122.82.249.206
508,Timotheus,Duester,tduestere3@epa.gov,Male,234.248.50.225
509,Alick,Mawdsley,amawdsleye4@go.com,Male,78.44.214.227
510,Ailis,Troop,atroope5@soup.io,Bigender,4.213.120.42
511,Averil,McCooke,amccookee6@bing.com,Male,108.108.206.126
512,Sybyl,Stickford,sstickforde7@bigcartel.com,Female,144.120.185.166
513,Gabrielle,Hasker,ghaskere8@theguardian.com,Female,16.76.24.36
514,Harper,Haslehurst,hhaslehurste9@nih.gov,Male,179.238.153.86
515,Pedro,Perrie,pperrieea@sohu.com,Male,131.218.78.24
516,Orel,Baskeyfied,obaskeyfiedeb@nyu.edu,Female,202.238.173.214
517,Emmi,Champagne,echampagneec@w3.org,Bigender,205.239.58.12
518,Cleveland,Spearing,cspearinged@umn.edu,Male,193.206.140.229
519,Ariela,Howes,ahowesee@uiuc.edu,Non-binary,198.167.214.193
520,Adlai,Tuminini,atumininief@quantcast.com,Male,34.42.187.24
521,Leda,Cerman,lcermaneg@cnbc.com,Female,195.50.58.147
522,Roxane,De Hooch,rdehoocheh@freewebs.com,Female,148.176.179.116
523,Noam,Purkess,npurkessei@over-blog.com,Male,103.9.249.92
524,Berthe,Willison,bwillisonej@cocolog-nifty.com,Female,115.211.10.99
525,Niles,O'Lahy,nolahyek@google.fr,Male,191.96.46.157
526,Karyl,Pancoast,kpancoastel@techcrunch.com,Genderqueer,129.185.162.46
527,Niccolo,Sherbourne,nsherbourneem@ca.gov,Male,101.89.55.246
528,Aloin,Bellwood,abellwooden@stumbleupon.com,Male,56.170.72.67
529,Conney,Maren,cmareneo@addthis.com,Male,161.239.116.251
530,Tyrus,Mollitt,tmollittep@flickr.com,Male,197.34.138.252
531,Vivi,Trehearne,vtrehearneeq@rakuten.co.jp,Female,65.167.99.226
532,Daria,Tennet,dtenneter@artisteer.com,Female,36.121.225.181
533,Jilly,Cellone,jcellonees@java.com,Female,177.193.64.211
534,Cecilia,Haine,chaineet@hc360.com,Female,17.95.146.221
535,Graham,Caze,gcazeeu@smugmug.com,Male,140.193.113.121
536,Goldie,Hayworth,ghayworthev@imgur.com,Female,124.199.57.99
537,Robb,McGeever,rmcgeeverew@altervista.org,Male,189.102.84.44
538,Theodosia,Levis,tlevisex@t.co,Genderqueer,179.31.205.185
539,Lauren,Kleanthous,lkleanthousey@cornell.edu,Male,164.66.220.194
540,Carmelita,Pickard,cpickardez@narod.ru,Female,220.186.168.240
541,Liuka,Longley,llongleyf0@gravatar.com,Female,160.132.181.204
542,Wandis,Liptrot,wliptrotf1@liveinternet.ru,Female,179.112.66.214
543,Domeniga,Giacomelli,dgiacomellif2@washingtonpost.com,Female,29.105.255.43
544,Shelli,Geggus,sgeggusf3@sciencedirect.com,Female,191.81.46.184
545,Horace,Knappett,hknappettf4@twitpic.com,Male,68.70.5.146
546,Sancho,Cookney,scookneyf5@kickstarter.com,Male,161.97.244.220
547,Eimile,Melrose,emelrosef6@issuu.com,Female,34.228.22.204
548,Read,Sandbrook,rsandbrookf7@yellowbook.com,Male,45.87.148.16
549,Meredithe,Yves,myvesf8@alibaba.com,Female,198.27.25.141
550,Timmy,Strowthers,tstrowthersf9@oaic.gov.au,Female,121.49.205.178
551,Miles,Blomefield,mblomefieldfa@canalblog.com,Male,236.73.93.163
552,Wolf,Gianelli,wgianellifb@statcounter.com,Male,66.118.109.36
553,Karil,Marieton,kmarietonfc@mysql.com,Female,81.135.23.79
554,Emmye,Folbigg,efolbiggfd@slate.com,Female,158.187.201.165
555,Christel,Beeho,cbeehofe@tiny.cc,Female,195.233.191.206
556,Sibbie,Furlow,sfurlowff@livejournal.com,Female,242.68.187.1
557,Hardy,Tweedlie,htweedliefg@paypal.com,Male,31.144.82.214
558,Dawna,Murfill,dmurfillfh@php.net,Genderqueer,120.187.9.176
559,Vergil,Cottey,vcotteyfi@prnewswire.com,Agender,83.38.109.170
560,Waverly,Rountree,wrountreefj@blogspot.com,Male,208.206.168.220
561,Frazier,Nitto,fnittofk@blogs.com,Male,102.159.39.108
562,Ross,Becraft,rbecraftfl@weebly.com,Male,123.93.70.96
563,Trescha,Seeley,tseeleyfm@mit.edu,Female,108.228.253.67
564,Malia,Babar,mbabarfn@sina.com.cn,Female,96.96.34.135
565,Ruthy,Waddicor,rwaddicorfo@google.nl,Female,187.231.32.135
566,Cammy,Drakard,cdrakardfp@toplist.cz,Male,13.18.251.210
567,Elmo,Frosdick,efrosdickfq@freewebs.com,Male,57.10.207.194
568,Mickie,Hickford,mhickfordfr@admin.ch,Female,130.209.220.211
569,Zelda,Graveston,zgravestonfs@discovery.com,Female,42.128.221.218
570,Chancey,Bilsland,cbilslandft@state.gov,Polygender,102.185.133.227
571,Josh,Kaasmann,jkaasmannfu@sbwire.com,Male,125.77.151.53
572,Ashlan,Backshaw,abackshawfv@msn.com,Female,229.47.177.6
573,Heather,Francino,hfrancinofw@histats.com,Female,245.204.101.140
574,Ody,Siene,osienefx@google.com.hk,Male,216.126.190.156
575,Birgitta,Blinman,bblinmanfy@businesswire.com,Female,130.166.73.101
576,Dorene,Nani,dnanifz@skype.com,Female,158.126.123.214
577,Karylin,Ivatts,kivattsg0@chronoengine.com,Female,14.31.16.115
578,Nicholas,Bravery,nbraveryg1@microsoft.com,Male,174.206.170.250
579,Fae,Passo,fpassog2@msu.edu,Female,241.250.20.232
580,Antons,Benito,abenitog3@geocities.com,Male,45.197.123.249
581,Aldridge,Dullingham,adullinghamg4@nationalgeographic.com,Male,52.210.76.79
582,Flossi,Teresa,fteresag5@g.co,Female,120.163.206.246
583,Lianna,Hatherley,lhatherleyg6@vimeo.com,Genderqueer,215.212.190.49
584,Elmore,Atwill,eatwillg7@fda.gov,Male,43.59.36.50
585,Ailbert,Goulborn,agoulborng8@odnoklassniki.ru,Male,155.12.184.90
586,Micky,Trusty,mtrustyg9@free.fr,Female,213.156.52.162
587,Sebastien,Stannah,sstannahga@abc.net.au,Male,41.241.35.212
588,Delmor,Cosbee,dcosbeegb@kickstarter.com,Male,98.213.73.150
589,Lenka,Prando,lprandogc@narod.ru,Female,128.100.204.26
590,Jonathan,Snasdell,jsnasdellgd@hc360.com,Male,128.59.136.0
591,Aileen,Legerton,alegertonge@typepad.com,Female,133.109.166.178
592,Gillian,Auston,gaustongf@google.it,Female,40.170.174.54
593,Nani,Da Costa,ndacostagg@ucoz.com,Female,141.202.8.172
594,Mariska,Jouen,mjouengh@cbsnews.com,Female,145.149.155.119
595,Kermit,Whitehead,kwhiteheadgi@cbc.ca,Male,218.161.254.0
596,Ludwig,Barbier,lbarbiergj@cafepress.com,Male,110.6.213.195
597,Gannie,McCloughlin,gmccloughlingk@vistaprint.com,Male,121.249.105.17
598,Jere,Le Grys,jlegrysgl@nationalgeographic.com,Female,1.78.200.49
599,Hinze,Fuke,hfukegm@yolasite.com,Male,186.125.80.55
600,Pablo,Paraman,pparamangn@harvard.edu,Male,154.4.154.103
601,Joshia,D' Angelo,jdangelogo@odnoklassniki.ru,Male,138.106.239.1
602,Janela,Greep,jgreepgp@shinystat.com,Female,255.71.82.234
603,Quincey,Benoiton,qbenoitongq@skyrock.com,Male,128.239.236.64
604,Misti,Order,mordergr@bbb.org,Female,21.26.53.27
605,Hynda,Northleigh,hnorthleighgs@toplist.cz,Female,199.215.167.152
606,Bowie,Oughtright,boughtrightgt@privacy.gov.au,Male,110.103.216.21
607,Frank,Coltart,fcoltartgu@rambler.ru,Male,196.9.165.252
608,Arlen,Rable,arablegv@moonfruit.com,Agender,40.128.168.138
609,Kayley,Neville,knevillegw@wisc.edu,Agender,109.51.79.121
610,Breanne,Goldster,bgoldstergx@reddit.com,Female,92.46.161.0
611,Donall,Crewes,dcrewesgy@ed.gov,Male,232.245.86.97
612,Rudolfo,Orneblow,rorneblowgz@spiegel.de,Male,0.187.148.90
613,Elenore,Lindley,elindleyh0@altervista.org,Female,85.167.33.11
614,Susann,Hugh,shughh1@buzzfeed.com,Female,158.134.61.231
615,Carter,Haynes,chaynesh2@blogspot.com,Male,134.123.5.64
616,Norbie,Oxtaby,noxtabyh3@theglobeandmail.com,Male,82.6.171.213
617,Jonathan,Paule,jpauleh4@ezinearticles.com,Male,130.88.14.75
618,Elwira,Vautier,evautierh5@boston.com,Female,131.132.153.207
619,Bertrand,Mattedi,bmattedih6@indiatimes.com,Male,253.129.226.52
620,Bethanne,Marie,bmarieh7@thetimes.co.uk,Female,110.235.131.65
621,Missie,Pointin,mpointinh8@posterous.com,Female,100.201.27.106
622,Herman,Judkin,hjudkinh9@nationalgeographic.com,Bigender,130.214.23.145
623,Gabriello,Ismead,gismeadha@icio.us,Non-binary,182.134.38.167
624,Jerad,Hatherleigh,jhatherleighhb@360.cn,Male,89.185.69.22
625,Alastair,Surgey,asurgeyhc@timesonline.co.uk,Male,63.219.181.138
626,Bidget,Nordass,bnordasshd@dailymail.co.uk,Female,243.48.12.25
627,Jaquith,Hammarberg,jhammarberghe@de.vu,Female,154.92.70.93
628,Timothee,Rainey,traineyhf@noaa.gov,Male,74.139.40.196
629,Tammie,Gravey,tgraveyhg@simplemachines.org,Female,21.202.164.206
630,Matty,Klimowski,mklimowskihh@amazon.com,Bigender,208.86.99.168
631,Layton,Halson,lhalsonhi@freewebs.com,Male,40.90.62.14
632,Paolina,Haswell,phaswellhj@mlb.com,Female,119.75.144.214
633,Willem,Hyde,whydehk@netlog.com,Male,242.185.232.33
634,Sloane,Southcombe,ssouthcombehl@diigo.com,Male,106.192.96.243
635,Molly,Dosdale,mdosdalehm@cocolog-nifty.com,Female,26.209.156.195
636,Jerrold,Shalloe,jshalloehn@tinyurl.com,Male,133.103.20.243
637,Durant,Press,dpressho@posterous.com,Male,142.150.77.213
638,Raye,Peyro,rpeyrohp@dagondesign.com,Female,52.163.53.64
639,Rufus,Hembrow,rhembrowhq@go.com,Male,138.22.134.95
640,Vlad,Dmitrievski,vdmitrievskihr@princeton.edu,Male,28.147.99.249
641,Valaree,Mcasparan,vmcasparanhs@php.net,Female,126.134.245.221
642,Ly,Andrzejewski,landrzejewskiht@mozilla.org,Male,179.41.153.45
643,Taddeo,Bealing,tbealinghu@nifty.com,Male,202.241.43.198
644,Lorelei,Welbelove,lwelbelovehv@cnn.com,Female,138.0.85.187
645,Buck,Guiduzzi,bguiduzzihw@stumbleupon.com,Male,175.141.120.113
646,Esteban,Vallantine,evallantinehx@eventbrite.com,Male,83.34.127.229
647,Cornelle,Cansdall,ccansdallhy@amazon.com,Female,23.17.120.104
648,Mahala,Croan,mcroanhz@jimdo.com,Genderqueer,155.10.21.52
649,Steward,Chipchase,schipchasei0@amazon.com,Male,109.189.217.181
650,Samaria,Weson,swesoni1@nyu.edu,Female,6.99.85.70
651,Danit,Largent,dlargenti2@irs.gov,Female,70.214.67.42
652,Delmer,Shillingford,dshillingfordi3@google.com.au,Male,55.244.156.153
653,Kippie,Greasty,kgreastyi4@flickr.com,Male,62.73.98.101
654,Anson,Pagelsen,apagelseni5@wiley.com,Non-binary,254.7.79.124
655,Moore,Kildea,mkildeai6@dyndns.org,Male,44.70.197.178
656,Rikki,Tellenbrook,rtellenbrooki7@gravatar.com,Male,226.84.86.36
657,Way,Boyton,wboytoni8@nymag.com,Male,209.221.106.63
658,Aeriela,Brunskill,abrunskilli9@dropbox.com,Female,135.84.96.230
659,Andras,Dayne,adayneia@slashdot.org,Male,255.247.182.200
660,Stephana,Paxman,spaxmanib@gravatar.com,Female,87.125.49.88
661,Nelly,Stormouth,nstormouthic@merriam-webster.com,Female,216.5.70.234
662,Zora,Fragino,zfraginoid@seattletimes.com,Female,26.60.217.195
663,Fleming,Fahy,ffahyie@accuweather.com,Male,212.131.214.148
664,Baxie,Drance,bdranceif@gov.uk,Male,195.76.61.241
665,Eimile,Adams,eadamsig@vinaora.com,Female,91.58.42.175
666,Lynnell,Billings,lbillingsih@ifeng.com,Female,110.95.51.54
667,Oberon,Dufoure,odufoureii@hhs.gov,Male,87.222.159.11
668,Esme,Fowlds,efowldsij@vk.com,Male,25.126.118.183
669,Sibella,Fairhurst,sfairhurstik@redcross.org,Female,245.13.22.213
670,Zebulon,Murgatroyd,zmurgatroydil@sogou.com,Male,138.236.43.39
671,Gasper,Alchin,galchinim@bravesites.com,Male,142.145.50.221
672,Jillana,Hammerberger,jhammerbergerin@mapquest.com,Female,219.23.223.242
673,Harli,Dallaghan,hdallaghanio@usda.gov,Female,83.181.134.125
674,Jeniece,Hulmes,jhulmesip@si.edu,Female,83.91.96.200
675,Willetta,Walding,wwaldingiq@psu.edu,Female,95.120.176.221
676,Tabby,Quickfall,tquickfallir@irs.gov,Male,38.238.7.35
677,Adriano,McCarlich,amccarlichis@amazonaws.com,Male,34.18.40.181
678,Gill,Satterly,gsatterlyit@ft.com,Male,170.153.52.191
679,Ediva,Appleyard,eappleyardiu@go.com,Female,169.61.63.215
680,Kizzie,Lightollers,klightollersiv@constantcontact.com,Female,91.238.114.0
681,Dalila,Newcome,dnewcomeiw@multiply.com,Female,154.250.111.119
682,Rutledge,Beckinsale,rbeckinsaleix@dmoz.org,Male,222.208.120.34
683,Quent,Melato,qmelatoiy@europa.eu,Male,180.124.37.166
684,Tabbie,Jolley,tjolleyiz@storify.com,Male,50.56.85.227
685,Leona,Wishart,lwishartj0@zimbio.com,Genderfluid,177.208.21.65
686,Terese,Braga,tbragaj1@china.com.cn,Genderfluid,2.20.65.38
687,Budd,Baudouin,bbaudouinj2@techcrunch.com,Male,164.158.53.191
688,Ky,oldey,koldeyj3@opensource.org,Male,187.198.92.234
689,Earl,Jean,ejeanj4@hibu.com,Male,124.15.2.218
690,Laureen,Chesswas,lchesswasj5@ehow.com,Female,145.110.158.209
691,Jerome,Antoney,jantoneyj6@amazonaws.com,Male,18.51.226.69
692,Karrah,Kubicek,kkubicekj7@abc.net.au,Female,218.21.140.124
693,Hobard,Deverson,hdeversonj8@tinypic.com,Male,99.195.35.246
694,Hamilton,Riddick,hriddickj9@wired.com,Male,150.58.66.77
695,Sarina,Gibbings,sgibbingsja@bloglovin.com,Bigender,59.213.0.184
696,Durward,O'Fogerty,dofogertyjb@usgs.gov,Genderqueer,244.13.197.234
697,Ajay,Twinterman,atwintermanjc@livejournal.com,Female,164.211.140.109
698,Rubia,Gilstin,rgilstinjd@amazon.co.jp,Female,69.39.80.137
699,Dodie,Seebright,dseebrightje@spotify.com,Female,29.25.92.1
700,Valry,Hynson,vhynsonjf@tinyurl.com,Female,165.230.188.101
701,Jane,Axton,jaxtonjg@java.com,Female,191.6.75.130
702,Aurie,Gasnoll,agasnolljh@imgur.com,Agender,72.140.9.134
703,Benedicto,Mohammad,bmohammadji@google.co.uk,Male,205.136.71.25
704,Betsy,Relph,brelphjj@jigsy.com,Female,221.224.224.229
705,Cherie,Vischi,cvischijk@tuttocitta.it,Female,6.172.255.245
706,Eddie,Vanacci,evanaccijl@jigsy.com,Male,54.36.214.51
707,Casandra,Tythacott,ctythacottjm@github.io,Female,53.109.217.65
708,Estrella,Gregoretti,egregorettijn@nature.com,Female,88.95.44.103
709,Timothy,Lippini,tlippinijo@washington.edu,Male,11.160.116.235
710,Leslie,D'Adda,ldaddajp@cisco.com,Male,40.206.46.23
711,Godfry,Getley,ggetleyjq@fotki.com,Male,217.81.206.22
712,Dilan,Pellatt,dpellattjr@nytimes.com,Male,152.20.3.166
713,Debbi,Edgeley,dedgeleyjs@answers.com,Female,228.107.223.37
714,Nadia,Rouff,nrouffjt@cbsnews.com,Female,131.14.241.199
715,Livvyy,Kippling,lkipplingju@rediff.com,Bigender,232.26.173.200
716,Karoly,Copper,kcopperjv@123-reg.co.uk,Male,238.211.130.211
717,Free,Prati,fpratijw@google.es,Male,85.24.228.221
718,Matt,Gerraty,mgerratyjx@goodreads.com,Male,28.105.7.39
719,Jesus,Brewse,jbrewsejy@google.nl,Male,174.73.72.71
720,Gavan,Peele,gpeelejz@time.com,Male,173.21.162.152
721,Niccolo,Geertsen,ngeertsenk0@goodreads.com,Male,183.185.34.184
722,Eimile,Prover,eproverk1@blogspot.com,Female,86.48.206.228
723,Deeann,Treversh,dtrevershk2@slate.com,Female,47.230.43.164
724,Lilia,Garside,lgarsidek3@epa.gov,Bigender,17.122.41.192
725,Meg,Boorman,mboormank4@so-net.ne.jp,Bigender,86.185.116.88
726,Lorrayne,Cowthart,lcowthartk5@studiopress.com,Female,25.11.238.204
727,Annie,Blackham,ablackhamk6@tinyurl.com,Female,207.217.67.6
728,Donelle,Abrahmson,dabrahmsonk7@live.com,Female,178.17.118.17
729,Vilma,Coulthard,vcoulthardk8@linkedin.com,Female,45.162.13.226
730,Andros,Gawke,agawkek9@google.es,Genderfluid,199.162.189.198
731,Christophorus,Cleen,ccleenka@ovh.net,Male,83.118.217.27
732,Lindon,Arnholz,larnholzkb@fotki.com,Male,219.173.98.11
733,Tiertza,Myhan,tmyhankc@house.gov,Female,242.71.44.16
734,Donn,Andreasson,dandreassonkd@ehow.com,Male,125.43.12.91
735,Rana,Teasdale,rteasdaleke@tinyurl.com,Female,64.67.232.240
736,Raviv,Frane,rfranekf@thetimes.co.uk,Male,231.196.114.10
737,Elsie,Attrey,eattreykg@dagondesign.com,Female,172.225.132.114
738,Simonne,Sach,ssachkh@google.nl,Female,23.121.42.235
739,Kaleena,Antonelli,kantonelliki@mapy.cz,Female,74.209.69.35
740,Heida,Tawton,htawtonkj@com.com,Genderqueer,31.195.78.217
741,Frasco,Hupe,fhupekk@blogspot.com,Male,23.40.251.116
742,Lev,Bruineman,lbruinemankl@fc2.com,Male,113.84.224.237
743,Ingar,Stiell,istiellkm@buzzfeed.com,Male,221.36.25.190
744,Antonia,Heyfield,aheyfieldkn@who.int,Female,1.155.46.116
745,Ottilie,Fairholme,ofairholmeko@umich.edu,Non-binary,165.175.118.171
746,Karolina,Lidster,klidsterkp@howstuffworks.com,Female,130.43.70.111
747,Ron,Moret,rmoretkq@wunderground.com,Male,81.161.233.89
748,Mercie,Diment,mdimentkr@economist.com,Female,41.177.215.219
749,Birgit,Snelgar,bsnelgarks@hugedomains.com,Female,165.192.251.194
750,Stefania,Vatini,svatinikt@1688.com,Female,5.85.48.112
751,Clair,Morrish,cmorrishku@abc.net.au,Male,88.193.148.1
752,Jase,Boddy,jboddykv@networkadvertising.org,Genderfluid,227.133.19.44
753,Allyson,Hindrick,ahindrickkw@newsvine.com,Female,173.7.164.200
754,Tades,McCormack,tmccormackkx@newsvine.com,Male,8.205.250.146
755,Darla,Gealle,dgealleky@ovh.net,Female,122.75.93.107
756,Meghann,Ratray,mratraykz@pbs.org,Female,94.43.137.215
757,Merwin,Hearn,mhearnl0@apache.org,Male,246.243.72.158
758,Ian,McNelis,imcnelisl1@illinois.edu,Male,129.113.21.48
759,Valina,Trippett,vtrippettl2@gov.uk,Female,194.40.44.34
760,Gertie,Drackford,gdrackfordl3@icq.com,Female,105.48.173.217
761,Christy,Whyffen,cwhyffenl4@geocities.com,Male,126.7.57.134
762,Waylon,Dmitr,wdmitrl5@time.com,Male,161.162.81.9
763,Aldrich,Sive,asivel6@senate.gov,Male,225.228.77.79
764,Grace,Attrie,gattriel7@t.co,Male,16.93.100.128
765,Ana,McDonagh,amcdonaghl8@google.nl,Polygender,224.233.74.86
766,Derick,Menicomb,dmenicombl9@1und1.de,Agender,240.129.134.131
767,Reina,Yeldham,ryeldhamla@army.mil,Female,127.66.124.122
768,Lilith,Nerheny,lnerhenylb@cocolog-nifty.com,Female,111.252.83.7
769,Hunter,Tolumello,htolumellolc@patch.com,Male,66.148.137.53
770,George,MacAughtrie,gmacaughtrield@istockphoto.com,Male,99.139.5.156
771,Caspar,Lewcock,clewcockle@stumbleupon.com,Male,84.21.62.121
772,Tan,Jost,tjostlf@dailymail.co.uk,Male,64.129.100.180
773,Deane,Verrills,dverrillslg@ovh.net,Male,55.129.2.128
774,Ernest,Cumberbatch,ecumberbatchlh@wikimedia.org,Male,5.204.204.123
775,Herman,Reiach,hreiachli@amazon.de,Male,34.201.101.112
776,Ingrid,Birden,ibirdenlj@plala.or.jp,Female,151.176.243.8
777,Mortimer,Skin,mskinlk@utexas.edu,Male,112.99.132.172
778,Anabelle,Casaccia,acasacciall@go.com,Female,115.128.107.72
779,Rollo,Hoffman,rhoffmanlm@e-recht24.de,Male,101.252.34.80
780,Sutton,Nicolson,snicolsonln@craigslist.org,Male,99.148.67.44
781,Pietro,Frane,pfranelo@imdb.com,Male,8.122.186.150
782,Francesca,Kowal,fkowallp@theguardian.com,Genderfluid,50.18.109.74
783,Pavlov,Wantling,pwantlinglq@pen.io,Male,168.56.35.216
784,Manolo,Poor,mpoorlr@csmonitor.com,Male,119.61.118.125
785,Morie,Brownill,mbrownillls@blogger.com,Male,41.230.51.69
786,Tybie,Claybourne,tclaybournelt@google.co.jp,Polygender,15.145.65.164
787,Magdalen,Holley,mholleylu@discovery.com,Female,93.15.92.152
788,Ruddie,Keoghane,rkeoghanelv@mac.com,Male,144.238.89.130
789,Gordan,Kings,gkingslw@earthlink.net,Male,152.125.140.52
790,Hubey,Whaley,hwhaleylx@blogtalkradio.com,Male,54.196.235.150
791,Rosanna,Villa,rvillaly@typepad.com,Female,239.82.210.118
792,Lexi,Dearnly,ldearnlylz@illinois.edu,Female,3.61.205.9
793,Elton,Halmkin,ehalmkinm0@independent.co.uk,Male,163.24.123.102
794,Windy,Bambridge,wbambridgem1@mayoclinic.com,Genderqueer,51.239.40.30
795,Camala,Sacase,csacasem2@ebay.com,Non-binary,206.102.90.26
796,Rockey,Garbutt,rgarbuttm3@dyndns.org,Male,207.133.220.113
797,Clint,Heifer,cheiferm4@jiathis.com,Male,204.134.120.224
798,Rees,Starford,rstarfordm5@tinyurl.com,Male,114.198.137.151
799,Merrel,Adnet,madnetm6@xinhuanet.com,Male,21.150.134.39
800,Derry,Antyukhin,dantyukhinm7@yolasite.com,Polygender,176.107.240.162
801,Vin,Scrinage,vscrinagem8@google.ca,Polygender,226.85.98.51
802,Ahmed,Anshell,aanshellm9@harvard.edu,Male,236.104.56.26
803,Felic,Wickerson,fwickersonma@wordpress.com,Male,195.235.57.186
804,Justinn,Roote,jrootemb@google.com.br,Female,166.139.171.178
805,Adah,Petronis,apetronismc@ustream.tv,Female,209.195.172.70
806,Lorine,Fortescue,lfortescuemd@vimeo.com,Female,229.186.82.101
807,Carlye,Kovnot,ckovnotme@biglobe.ne.jp,Female,194.95.181.204
808,Betti,Gamil,bgamilmf@ask.com,Female,138.102.142.94
809,Moore,Patemore,mpatemoremg@imageshack.us,Male,6.57.2.24
810,Hercules,Scriven,hscrivenmh@state.tx.us,Male,76.83.67.212
811,D'arcy,Airey,daireymi@nytimes.com,Male,213.70.194.144
812,Fredia,Vignaux,fvignauxmj@unicef.org,Female,83.175.70.205
813,Chanda,Nunan,cnunanmk@mit.edu,Female,88.74.21.211
814,Bryanty,Bilsborrow,bbilsborrowml@squidoo.com,Male,255.0.189.202
815,Betteanne,Cleife,bcleifemm@ihg.com,Female,101.47.216.30
816,Kliment,Gorghetto,kgorghettomn@cloudflare.com,Male,160.171.164.50
817,Wolfy,Treven,wtrevenmo@economist.com,Male,176.42.209.34
818,Margot,Bodker,mbodkermp@usa.gov,Female,110.184.197.9
819,Howey,Scoffins,hscoffinsmq@artisteer.com,Genderqueer,233.169.205.247
820,Avril,Fery,aferymr@indiegogo.com,Female,87.253.171.217
821,Olav,Vasiltsov,ovasiltsovms@dmoz.org,Male,176.153.231.17
822,Reynold,Willison,rwillisonmt@forbes.com,Agender,21.121.104.135
823,Winnah,Oleszkiewicz,woleszkiewiczmu@joomla.org,Non-binary,114.245.0.97
824,Brigid,Ranyell,branyellmv@mozilla.org,Female,105.23.231.7
825,Frannie,D'Alwis,fdalwismw@gov.uk,Female,209.100.130.19
826,Gilemette,Walls,gwallsmx@technorati.com,Female,167.179.32.167
827,Georgeta,Oolahan,goolahanmy@list-manage.com,Female,192.209.227.205
828,Missy,Blackesland,mblackeslandmz@webmd.com,Female,56.107.219.1
829,Even,Farbrother,efarbrothern0@jugem.jp,Male,146.55.133.134
830,Joell,Di Roberto,jdiroberton1@gravatar.com,Female,27.78.146.228
831,Nikaniki,Moneti,nmonetin2@nifty.com,Female,178.110.229.74
832,Lorena,Ceschini,lceschinin3@biglobe.ne.jp,Female,196.2.61.14
833,Dari,Torrejon,dtorrejonn4@netvibes.com,Female,215.168.216.19
834,Mimi,Godber,mgodbern5@slideshare.net,Female,114.190.77.195
835,Vito,Warrell,vwarrelln6@wufoo.com,Male,213.39.126.42
836,Esther,Steckings,esteckingsn7@ted.com,Female,165.146.211.180
837,Nestor,Ickovic,nickovicn8@hatena.ne.jp,Male,27.254.10.4
838,Lorilyn,Hitscher,lhitschern9@miitbeian.gov.cn,Female,85.240.36.33
839,Bernetta,Blasli,bblaslina@ted.com,Agender,41.108.117.163
840,Antony,Lopez,alopeznb@washingtonpost.com,Male,210.137.213.207
841,Maximo,Elen,melennc@omniture.com,Male,78.180.24.215
842,Arnuad,Tackell,atackellnd@blogtalkradio.com,Male,61.103.30.104
843,Libby,Mawby,lmawbyne@wikispaces.com,Female,77.29.37.84
844,Lilllie,Colnett,lcolnettnf@berkeley.edu,Female,184.68.214.0
845,Trixi,Whiteoak,twhiteoakng@simplemachines.org,Female,104.67.206.101
846,Lexi,Clack,lclacknh@shinystat.com,Female,201.233.90.236
847,Ruprecht,Alexandre,ralexandreni@fotki.com,Genderqueer,79.135.180.176
848,Louise,Erington,leringtonnj@nature.com,Female,113.41.6.128
849,Lorraine,O'Haire,lohairenk@tinyurl.com,Female,64.231.157.128
850,Otto,Brazur,obrazurnl@parallels.com,Male,25.68.90.120
851,Pavlov,Fairlam,pfairlamnm@google.com.hk,Male,191.182.41.185
852,Grier,Labusquiere,glabusquierenn@state.tx.us,Female,43.242.34.16
853,Bert,Halpine,bhalpineno@constantcontact.com,Male,3.90.114.116
854,Geraldine,Mordue,gmorduenp@1688.com,Female,189.36.228.236
855,Silas,Willmore,swillmorenq@businesswire.com,Male,250.153.100.195
856,Jana,Fylan,jfylannr@bandcamp.com,Female,25.32.180.139
857,Mikaela,Agutter,magutterns@ycombinator.com,Genderfluid,72.199.175.53
858,Elana,Everit,eeveritnt@studiopress.com,Female,7.179.14.254
859,Theodore,Pepis,tpepisnu@nyu.edu,Male,77.141.239.189
860,Nikkie,Mayworth,nmayworthnv@typepad.com,Bigender,241.49.46.230
861,Gerry,Floris,gflorisnw@reuters.com,Female,206.228.155.34
862,Shanda,Cothey,scotheynx@blog.com,Female,177.28.183.129
863,Candi,Bembridge,cbembridgeny@pagesperso-orange.fr,Female,69.100.168.151
864,Steffi,Stockney,sstockneynz@mysql.com,Female,56.65.124.48
865,Haley,Labon,hlabono0@spiegel.de,Genderfluid,203.33.184.50
866,Bernette,Dagnall,bdagnallo1@umich.edu,Female,48.75.242.137
867,Crysta,MacMeanma,cmacmeanmao2@plala.or.jp,Female,250.169.29.223
868,Duff,Habbershon,dhabbershono3@aboutads.info,Male,125.125.112.188
869,Roi,Considine,rconsidineo4@nymag.com,Male,184.246.210.50
870,Orella,Brecon,obrecono5@prnewswire.com,Agender,14.229.137.15
871,Ely,Bingham,ebinghamo6@myspace.com,Male,5.220.116.93
872,Gabey,Simeoli,gsimeolio7@odnoklassniki.ru,Non-binary,77.87.90.160
873,Levey,Sattin,lsattino8@nhs.uk,Male,211.9.43.112
874,Dallis,Desseine,ddesseineo9@cbsnews.com,Male,107.149.137.205
875,Olenolin,Teesdale,oteesdaleoa@typepad.com,Male,184.110.170.188
876,Genna,Wallis,gwallisob@pagesperso-orange.fr,Female,33.150.5.249
877,Catlaina,Veall,cvealloc@mlb.com,Female,49.62.63.69
878,Domenico,Temlett,dtemlettod@newyorker.com,Male,58.213.238.53
879,Yolanda,Hughf,yhughfoe@unblog.fr,Genderfluid,47.125.89.41
880,Bernie,Kopta,bkoptaof@imageshack.us,Female,159.125.217.164
881,Ignace,Scamadin,iscamadinog@indiatimes.com,Non-binary,127.128.189.103
882,Torrence,Bullier,tbullieroh@meetup.com,Male,179.61.76.200
883,Nadia,Upwood,nupwoodoi@twitpic.com,Female,243.45.29.22
884,Caresse,Dockree,cdockreeoj@columbia.edu,Female,164.154.186.9
885,Dorolice,Loddon,dloddonok@prweb.com,Female,156.102.65.16
886,Lebbie,Lawty,llawtyol@is.gd,Female,185.245.232.186
887,Clayton,Streatley,cstreatleyom@sphinn.com,Male,223.215.40.218
888,Zonnya,Sallery,zsalleryon@surveymonkey.com,Female,247.46.179.69
889,Joel,Hannen,jhannenoo@hhs.gov,Male,131.119.246.61
890,Elfrieda,Beven,ebevenop@earthlink.net,Female,180.204.184.193
891,Marlow,Marval,mmarvaloq@sun.com,Male,1.107.124.247
892,Addy,Hancock,ahancockor@naver.com,Male,71.52.69.125
893,Winthrop,Loffel,wloffelos@yale.edu,Male,241.252.207.120
894,Cassie,Begbie,cbegbieot@printfriendly.com,Female,169.9.224.15
895,Duane,Portman,dportmanou@cbc.ca,Male,54.231.232.62
896,Darren,Sharpe,dsharpeov@shutterfly.com,Male,5.7.163.75
897,Carlota,Prestner,cprestnerow@arstechnica.com,Female,183.179.92.235
898,Brina,Garz,bgarzox@bigcartel.com,Female,58.156.54.132
899,Damaris,Filippo,dfilippooy@tiny.cc,Female,121.166.193.18
900,Joni,Redfern,jredfernoz@goo.gl,Female,0.255.23.21
901,Mildrid,Rude,mrudep0@miitbeian.gov.cn,Female,51.86.71.97
902,Gavan,Rivalant,grivalantp1@illinois.edu,Male,243.176.105.114
903,Halli,Duquesnay,hduquesnayp2@jimdo.com,Female,210.187.34.200
904,Helen,Colvill,hcolvillp3@edublogs.org,Female,49.192.169.153
905,Egan,Blazewicz,eblazewiczp4@sciencedirect.com,Male,61.249.140.231
906,Kelcie,Tolfrey,ktolfreyp5@feedburner.com,Genderqueer,69.213.234.207
907,Early,Gradwell,egradwellp6@sfgate.com,Male,47.249.55.181
908,Lewiss,Whiles,lwhilesp7@scribd.com,Male,160.30.245.154
909,Rudie,Hurling,rhurlingp8@cnbc.com,Male,59.16.10.171
910,Raffarty,Swale,rswalep9@last.fm,Male,29.99.251.15
911,Consuelo,Duester,cduesterpa@storify.com,Female,216.79.86.205
912,Minta,Beetham,mbeethampb@toplist.cz,Female,151.255.205.48
913,Padraig,Sisson,psissonpc@blog.com,Male,25.60.177.180
914,Helga,Craythorn,hcraythornpd@wunderground.com,Female,84.232.104.136
915,Bary,Brobeck,bbrobeckpe@canalblog.com,Male,244.114.2.0
916,Ara,Varden,avardenpf@nasa.gov,Male,215.211.170.92
917,Teresa,Muttitt,tmuttittpg@hostgator.com,Female,131.173.65.70
918,Maximilian,Darley,mdarleyph@msu.edu,Male,36.197.254.15
919,Rahal,Nellis,rnellispi@slashdot.org,Female,231.170.36.83
920,Joachim,Larkin,jlarkinpj@pagesperso-orange.fr,Male,33.2.198.153
921,Liva,De Gowe,ldegowepk@apple.com,Female,71.35.44.2
922,Quintana,Geraghty,qgeraghtypl@toplist.cz,Female,194.181.239.53
923,Kent,Wakeling,kwakelingpm@house.gov,Male,17.227.71.191
924,Sal,Bellson,sbellsonpn@yelp.com,Female,0.124.92.106
925,Brook,Burkert,bburkertpo@nhs.uk,Female,10.119.207.135
926,Gerri,Gervaise,ggervaisepp@pagesperso-orange.fr,Female,150.214.159.51
927,Frayda,Messam,fmessampq@nyu.edu,Female,232.128.169.235
928,Gannie,Ballston,gballstonpr@sina.com.cn,Non-binary,207.115.192.42
929,Angelica,Fazackerley,afazackerleyps@lycos.com,Female,130.44.170.183
930,Bev,Raithbie,braithbiept@taobao.com,Male,11.201.213.162
931,Sampson,Teaze,steazepu@opensource.org,Male,110.104.2.120
932,Sergeant,Peete,speetepv@meetup.com,Male,156.66.94.244
933,Tybi,Willison,twillisonpw@google.it,Bigender,109.244.70.81
934,Glory,Sommerfeld,gsommerfeldpx@marketwatch.com,Female,133.214.23.52
935,Bogey,Glader,bgladerpy@usnews.com,Male,20.247.59.105
936,Magda,Messum,mmessumpz@shareasale.com,Female,224.119.117.151
937,Leicester,Gilphillan,lgilphillanq0@cam.ac.uk,Male,91.0.229.159
938,Everett,Tubritt,etubrittq1@github.com,Male,40.206.54.21
939,Bartholemy,McKellen,bmckellenq2@illinois.edu,Male,84.210.194.16
940,Emmerich,Perritt,eperrittq3@pen.io,Male,71.176.59.25
941,Lyn,Scrancher,lscrancherq4@topsy.com,Female,39.94.25.211
942,Morgen,Halfhyde,mhalfhydeq5@bloglovin.com,Female,248.232.35.134
943,Estel,Townend,etownendq6@list-manage.com,Female,119.95.144.214
944,Newton,Hyndley,nhyndleyq7@businessinsider.com,Male,233.174.72.168
945,Perri,Heavyside,pheavysideq8@jugem.jp,Female,225.240.87.65
946,Hermie,Caplan,hcaplanq9@businessinsider.com,Male,45.99.57.84
947,Henderson,Fisher,hfisherqa@google.ca,Male,92.235.75.63
948,Shelton,Colls,scollsqb@skype.com,Male,174.252.146.183
949,Sherwin,Jowle,sjowleqc@networkadvertising.org,Male,66.204.176.41
950,Ellary,Wornum,ewornumqd@guardian.co.uk,Male,250.11.95.34
951,Russ,Oxbrow,roxbrowqe@goo.ne.jp,Male,52.164.27.46
952,Lynnea,Killik,lkillikqf@jiathis.com,Female,30.214.98.214
953,Junina,Dunthorn,jdunthornqg@whitehouse.gov,Female,59.122.133.126
954,Marven,Peyzer,mpeyzerqh@bing.com,Male,22.55.244.4
955,Dalt,Lowre,dlowreqi@cdc.gov,Agender,192.13.114.16
956,Goraud,Fine,gfineqj@nifty.com,Male,140.25.76.154
957,Carlotta,Hiscoe,chiscoeqk@accuweather.com,Female,224.149.147.58
958,Phil,Silburn,psilburnql@ucoz.com,Female,32.194.219.245
959,Casie,Derwin,cderwinqm@flavors.me,Genderqueer,61.243.118.57
960,Cyrillus,Habbeshaw,chabbeshawqn@cisco.com,Male,34.146.170.143
961,Clayborn,Dugald,cdugaldqo@symantec.com,Male,216.98.42.56
962,Elijah,Blaker,eblakerqp@ebay.com,Male,106.138.174.176
963,Grazia,Vize,gvizeqq@devhub.com,Female,81.84.104.234
964,Cairistiona,Chennells,cchennellsqr@cargocollective.com,Female,194.203.229.91
965,Lonni,Albertson,lalbertsonqs@amazon.co.jp,Female,216.149.78.197
966,Nadine,Oliphand,noliphandqt@angelfire.com,Female,65.19.105.174
967,Felike,Parman,fparmanqu@newsvine.com,Male,150.215.165.25
968,Bianka,Learmouth,blearmouthqv@usatoday.com,Female,82.175.43.32
969,Ciel,Cleynman,ccleynmanqw@sun.com,Female,76.154.140.227
970,Tristam,Andersch,tanderschqx@opensource.org,Male,172.181.1.122
971,Marga,Brikner,mbriknerqy@slideshare.net,Non-binary,113.205.220.110
972,Enrichetta,Stennings,estenningsqz@cdc.gov,Female,36.248.190.180
973,Daniele,Saldler,dsaldlerr0@ning.com,Female,145.30.208.171
974,Billye,Elks,belksr1@nasa.gov,Female,39.82.39.51
975,Dana,Henriet,dhenrietr2@naver.com,Female,9.203.106.172
976,Celestine,Happs,chappsr3@hc360.com,Female,243.214.240.157
977,Eachelle,Moff,emoffr4@latimes.com,Female,210.239.161.27
978,Evie,Byron,ebyronr5@dmoz.org,Female,108.125.173.165
979,Blaire,Breche,bbrecher6@t-online.de,Female,24.101.17.230
980,Debora,Gillet,dgilletr7@blogger.com,Female,136.96.198.166
981,Kirby,McTurley,kmcturleyr8@harvard.edu,Female,159.51.17.196
982,Charlotta,Evins,cevinsr9@bbc.co.uk,Female,8.59.208.18
983,Astrix,Quantrill,aquantrillra@google.ca,Female,59.46.190.64
984,Kalli,Tebbutt,ktebbuttrb@people.com.cn,Female,213.71.167.30
985,Ephrayim,Seagar,eseagarrc@yellowbook.com,Male,189.48.228.35
986,Florrie,Blizard,fblizardrd@youtu.be,Female,6.231.22.246
987,Pasquale,Piggot,ppiggotre@tamu.edu,Male,18.51.91.78
988,Hale,Francklyn,hfrancklynrf@answers.com,Male,81.226.35.182
989,Thatch,Daniell,tdaniellrg@rakuten.co.jp,Male,249.170.253.60
990,Konstantin,Hegel,khegelrh@blogspot.com,Genderqueer,139.77.226.190
991,Ezekiel,Ryton,erytonri@friendfeed.com,Male,217.227.196.25
992,Lion,Vasyukhichev,lvasyukhichevrj@google.com.hk,Male,84.192.238.211
993,Ethyl,Chance,echancerk@shutterfly.com,Female,82.212.21.221
994,Heinrik,Cubberley,hcubberleyrl@squidoo.com,Male,17.247.128.161
995,Ellswerth,Curwood,ecurwoodrm@ucla.edu,Male,189.226.110.238
996,Ulick,Lilleman,ulillemanrn@stumbleupon.com,Male,186.132.255.38
997,Barbie,McKellar,bmckellarro@t-online.de,Female,52.147.215.74
998,Georgina,Matevushev,gmatevushevrp@ustream.tv,Female,90.158.134.247
999,Nikola,Ricca,nriccarq@4shared.com,Male,28.37.188.234
1000,Becka,De Avenell,bdeavenellrr@huffingtonpost.com,Female,182.209.230.9
